{"cameraMode":{"drawMode":0,"name":"Shaded","section":"Shading Mode"},"sceneLighting":false,"audioPlay":false,"sceneViewState":{"showFog":true,"showMaterialUpdate":false,"showSkybox":false,"showFlares":true,"showImageEffects":true,"showParticleSystems":true,"showVisualEffectGraphs":true,"m_FxEnabled":true},"in2DMode":false,"pivot":{"x":-0.10422611236572266,"y":0.5821328163146973,"z":0.09562110900878906},"rotation":{"x":0.9940358996391296,"y":-0.0036258187610656025,"z":-0.10325142741203308,"w":-0.034906841814517978},"size":2.4532434940338136,"orthographic":false}