{"cameraMode":{"drawMode":0,"name":"Shaded","section":"Shading Mode"},"sceneLighting":false,"audioPlay":false,"sceneViewState":{"showFog":true,"showMaterialUpdate":false,"showSkybox":false,"showFlares":true,"showImageEffects":true,"showParticleSystems":true},"in2DMode":false,"pivot":{"x":-22.39794921875,"y":1.7885112762451172,"z":12.139993667602539},"rotation":{"x":-0.11441371589899063,"y":0.8642387390136719,"z":-0.22805653512477876,"w":-0.43358147144317629},"size":24.317962646484376,"orthographic":false}