{"cameraMode":{"drawMode":0,"name":"Shaded","section":"Shading Mode"},"sceneLighting":true,"audioPlay":false,"sceneViewState":{"showFog":true,"showMaterialUpdate":false,"showSkybox":true,"showFlares":true,"showImageEffects":true,"showParticleSystems":true},"in2DMode":false,"pivot":{"x":-0.9366539120674133,"y":-4.431455612182617,"z":8.021889686584473},"rotation":{"x":0.2579309642314911,"y":0.02898002229630947,"z":-0.007739643566310406,"w":0.9656983017921448},"size":7.991782188415527,"orthographic":false}