{"cameraMode":{"drawMode":0,"name":"Shaded","section":"Shading Mode"},"sceneLighting":false,"audioPlay":false,"sceneViewState":{"showFog":true,"showMaterialUpdate":false,"showSkybox":false,"showFlares":true,"showImageEffects":true,"showParticleSystems":true},"in2DMode":false,"pivot":{"x":0.0,"y":-5.358076572418213,"z":8.689998626708985},"rotation":{"x":-0.11441371589899063,"y":0.8642387390136719,"z":-0.22805653512477876,"w":-0.43358147144317629},"size":35.848854064941409,"orthographic":false}