{"cameraMode":{"drawMode":0,"name":"Shaded","section":"Shading Mode"},"sceneLighting":false,"audioPlay":false,"sceneViewState":{"showFog":true,"showMaterialUpdate":false,"showSkybox":false,"showFlares":true,"showImageEffects":true,"showParticleSystems":true},"in2DMode":false,"pivot":{"x":-0.0000069141387939453128,"y":0.0002319812774658203,"z":-0.002564668655395508},"rotation":{"x":-0.11441371589899063,"y":0.8642387390136719,"z":-0.22805653512477876,"w":-0.43358147144317629},"size":1.3134169578552247,"orthographic":false}